Metric,Value
Precision@5,0.6
Precision@10,0.5999999999999999
Precision@20,0.545
Recall@5,0.28343989343989345
Recall@10,0.5444122544122545
Recall@20,1.007818847818848
NDCG@5,0.6275873042653096
NDCG@10,0.6464484034008993
NDCG@20,0.8424520221777463
MAP@5,0.2694716394716395
MAP@10,0.47689066092637517
MAP@20,0.8089841430041865
MRR,0.7476190476190476
